-- Inyecciones de datos:
	-- USUARIOS
		INSERT INTO `usuarios` (`idUsuario`, `nombreUsu`, `apellidoP`, `usuValidado`, `email`, `contrasena`) VALUES 
		-- 1 Only girls 
      ('001', 'Ramirez', 'Samanta', 'S', NULL, NULL),
      ('002', 'Santiago', 'Danae', 'S', NULL, NULL),
      ('003', 'Trejo', 'Louerdes', 'S', NULL, NULL),
      ('004', 'Garcia', 'Vania', 'S', NULL, NULL),
      ('005', 'Jasso', 'Ayilin', 'S', NULL, NULL),
      ('006', 'Nu単ez', 'Natalia', 'S', NULL, NULL),
      ('007', 'Martinez', 'Ivanna', 'S', NULL, NULL),
      ('008', 'Trejo', 'Avril', 'S', NULL, NULL),
      ('009', 'Esquivel', 'Fernanda', 'S', NULL, NULL),
      ('010', 'Salmon', 'Sara', 'S', NULL, NULL),
    -- 2 Wild Cats
      ('011', 'Rodriguez', 'Mariana', 'S', NULL, NULL),
      ('012', 'Rodriguez', 'Andrea', 'S', NULL, NULL),
      ('013', 'Rodriguez', 'Gladis', 'S', NULL, NULL),
      ('014', 'Juarez', 'Aranza', 'S', NULL, NULL),
      ('015', 'De la Rosa', 'Ilse', 'S', NULL, NULL),
      ('016', 'Medina ', 'Fernanda', 'S', NULL, NULL),
      ('017', 'Diaz', 'Jimena', 'S', NULL, NULL),
      ('018', 'Alvarado', 'Karina', 'S', 'ejemplo018@email.com', '123'),
      ('019', 'Palacios', 'Ashley', 'S', 'ejemplo019@email.com', '123'),
      ('020', 'Zapata', 'Emma', 'S', NULL, NULL),
      ('021', 'Rubio', 'Fernanda', 'S', NULL, NULL),
    -- 3 Telegrafos
      ('022', 'Reyna', 'Angeles', 'S', NULL, NULL),
      ('023', 'Puente', 'Eugenia', 'S', NULL, NULL),
      ('024', 'Ruiz', 'Lorena', 'S', NULL, NULL),
      ('025', 'Romero', 'Ana',  'S', NULL, NULL),
      ('026', 'Flores', 'Rosalba', 'S', NULL, NULL),
      ('027', 'Ruelas', 'Angelica', 'S', 'ejemplo027@email.com', '123'),
      ('028', 'Raudales', 'Janeth', 'S', NULL, NULL),
      ('029', 'Flores', 'Juana', 'S', NULL, NULL),
      ('030', 'Alvarado', 'Claudia', 'S', 'ejemplo030@email.com', '123'),
      ('031', 'Cordero', 'Angelica', 'S', NULL, NULL),
      ('032', 'Ruelas', 'Blanca', 'S', NULL, NULL),
      ('033', 'Alvarado', 'Olga', 'S', 'ejemplo033@email.com', '123'),
      ('034', 'Vargas', 'Magdalena', 'S', NULL, NULL),
      ('035', 'Sanchez', 'Graciela', 'S', NULL, NULL),
    -- 4 Girls Clippers
      ('036', 'Juarez', 'Alma', 'S', NULL, NULL),
      ('037', 'Noriega', 'Angeles', 'S', NULL, NULL),
      ('038', 'Noriega', 'Ines', 'S', NULL, NULL),
      ('039', 'Cordero', 'Itzel', 'S', NULL, NULL),
      ('040', 'Jasso', 'Marlen', 'S', NULL, NULL),
      ('041', 'Estrada', 'Melani', 'S', NULL, NULL),
      ('042', 'Estrada', 'Citlali', 'S', NULL, NULL),
      ('043', 'Juarez', 'Rita', 'S', NULL, NULL),
      ('044', 'Chairez', 'Esperanza', 'S', NULL, NULL),
      ('045', 'De la Rosa', 'Ana', 'S', NULL, NULL),
      ('046', 'Ruvalcaba', 'Citlali', 'S', NULL, NULL),
    -- 5 Sinergia
      ('047', 'Lopez', 'Yesica', 'S', NULL, NULL),
      ('048', 'Cordero', 'Veronica', 'S', 'ejemplo048@email.com', '123'),
      ('049', 'Hernandez', 'Yolanda', 'S', NULL, NULL),
      ('050', 'Juarez', 'Bricia', 'S', NULL, NULL),
      ('051', 'Bernal', 'Sandra', 'S', NULL, NULL),
      ('052', 'Velazquez', 'Lorena', 'S', NULL, NULL),
      ('053', 'Lopez', 'Viany', 'S', NULL, NULL),
      ('054', 'Cardero', 'Carol', 'S', NULL, NULL),
      ('055', 'Vallin', 'Julieta', 'S', NULL, NULL),
      ('056', 'Hidalgo', 'Ana', 'S', NULL, NULL),
      ('057', 'Martinez', 'Evelyn', 'S', NULL, NULL),
      ('058', 'Barrios', 'Evelyn', 'S', NULL, NULL),
      ('059', 'Quiroz', 'Brenda', 'S', NULL, NULL),
      ('060', 'Velazquez', 'Matha', 'S', 'ejemplo060@email.com', '123'),
    -- 6 las mismas
      ('061', 'Perez', 'Maricela', 'S', 'ejemplo061@email.com', '123'),
      ('062', 'Guerrero', 'Belinda', 'S', NULL, NULL),
      ('063', 'Avila ', 'Socorro', 'S', NULL, NULL),
      ('064', 'Ruvalcaba', 'Jazmin', 'S', NULL, NULL),
      ('065', 'Jimenez', 'Dulce', 'S', NULL, NULL),
      ('066', 'Cordero', 'Irma', 'S', NULL, NULL),
      ('067', 'Reyes', 'Pacuala', 'S', NULL, NULL),
      ('068', 'Cordero', 'Martha', 'S', NULL, NULL),
      ('069', 'Moreno', 'Consuelo', 'S', NULL, NULL),
      ('070', 'Trejo', 'Yedith', 'S', NULL, NULL),
      ('071', 'Rodriguez', 'Sofia', 'S', NULL, NULL),
      ('072', 'Jasso', 'Guadalupe', 'S', NULL, NULL),
      ('073', 'Due単as', 'Erika', 'S', NULL, NULL),
      ('074', 'Trejo', 'Cheila', 'S', NULL, NULL),
      ('075', 'Escalona', 'Valeria', 'S', NULL, NULL),
      ('076', 'Luna', 'Maria', 'S', NULL, NULL),
      ('077', 'Rivas', 'Carmen', 'S', NULL, NULL),
    -- 7 palmillas
      ('078', 'Torres', 'Lolis', 'S', 'ejemplo078@email.com', '123'),
      ('079', 'Mu単oz', 'Fabiola', 'S', NULL, NULL),
      ('080', 'Guevara', 'Evelyn', 'S', NULL, NULL),
      ('081', 'Perez', 'Carly', 'S', NULL, NULL),
      ('082', 'Perez', 'Tirsa', 'S', NULL, NULL),
      ('083', 'Martinez', 'Claudia', 'S', NULL, NULL),
      ('084', 'Delgado', 'Ashley', 'S', NULL, NULL),
      ('085', 'Diaz', 'Itzel', 'S', NULL, NULL),
      ('086', 'Diaz', 'Nancy', 'S', NULL, NULL),
      ('087', 'Romo', 'Elena', 'S', NULL, NULL),
      ('088', 'Flores', 'Carolina', 'S', NULL, NULL),
      ('089', 'Fernandez', 'Nalda', 'S', NULL, NULL),
      -- ('085', 'Guevara', 'Itzel', 'S', NULL, NULL),
      ('090', 'Romero', 'Sonia', 'S', NULL, NULL),
      ('091', 'Hernandez', 'Naida', 'S', NULL, NULL),
      ('092', 'Meranez', 'Nanzy', 'S', NULL, NULL),
    -- 8 aguilas
      ('093', 'Martinez', 'Blanca', 'S', 'ejemplo093@email.com', '123'),
      ('094', 'Martinez', 'Cinthia', 'S', NULL, NULL),
      ('095', 'Martinez', 'Elsa', 'S', NULL, NULL),
      ('096', 'Esparza', 'Zaida', 'S', NULL, NULL),
      ('097', 'Aguilar', 'Daniela', 'S', NULL, NULL),
      ('098', 'Jasso', 'Dayanna', 'S', NULL, NULL),
      ('099', 'Guerra', 'Alma', 'S', NULL, NULL),
      ('100', 'Ruvalcaba', 'Berenice', 'S', NULL, NULL),
      ('101', 'Lopez', 'Rosa', 'S', NULL, NULL),
      ('102', 'Cuevas', 'Luz', 'S', NULL, NULL),
      ('103', 'Alvarado', 'Maria', 'S', NULL, NULL),
      ('104', 'Alvarado', 'Lilia', 'S', NULL, NULL),
      ('105', 'Ortiz', 'Patricia', 'S', NULL, NULL),
      ('106', 'Guerrero', 'Zafiro', 'S', NULL, NULL),
    -- 9 mambas
      ('107', 'Jacobo', 'Liz', 'S', 'ejemplo107@email.com', '123'),
      ('108', 'Romo', 'Blanca', 'S', NULL, NULL),
      ('109', 'Zapata', 'Emma', 'S', NULL, NULL),
      -- ('109', 'Rubio', 'Perla', 'S', NULL, NULL),
      ('110', 'Guerrero', 'Leticia', 'S', NULL, NULL),
      ('111', 'Reyes', 'Karen', 'S', NULL, NULL),
      ('112', 'Rubio', 'Ivonne', 'S', NULL, NULL),
      ('113', 'Alvarez', 'Juana', 'S', NULL, NULL),
      ('114', 'Alvarado', 'Leticia', 'S', NULL, NULL),
      ('115', 'Ruiz', 'Alison', 'S', NULL, NULL),
    -- encargado
      ('116', 'De la Rosa', 'Miguel', 'S', 'ejemplo116@email.com', '123'),
      ('117', 'De la Rosa', 'Miguel', 'S', 'ejemplo117@email.com', '123'),
      ('118', 'De la Rosa', 'Hugo', 'S', 'ejemplo118@email.com', '123'),
      ('119', 'Alvarado', 'Enrique', 'S', 'ejemplo119@email.com', '123'),
      ('120', 'Reyes', 'Roberto', 'S', 'ejemplo120@email.com', '123'),
      ('121', 'Rodriguez', 'Pablo', 'S', 'ejemplo121@email.com', '123'),
      ('122', 'Rodriguez', 'Dulce', 'S', 'ejemplo122@email.com', '123'),
      ('123', 'Casta単eda', 'Paola', 'S', 'ejemplo123@email.com', '123'),
      ('124', 'Rodriguez', 'Victor', 'S', 'ejemplo124@email.com', '123');

	-- ROLES
		INSERT INTO `roles` (`idRol`, `rol`) VALUES 
		('0', 'administrador'), 
		('1', 'secretario'), 
		('2', 'jefe'), 
		('3', 'arbitro'), 
		('4', 'comision'), 
		('5', 'entrenador');

	-- ROLES_USUARIOS
		INSERT INTO `roles_usuarios` (`roles_idRol`, `usuarios_idUsuario`) VALUES 
		('5', '018'), 
		('3', '019'), 
		('5', '027'),
		('2', '030'),
		('4', '033'),
    ('3', '033'),
    ('5', '048'),
    ('4', '060'),
    ('5', '061'),
    ('5', '078'),
    ('5', '093'),
    ('5', '107'),
    ('1', '116'),
    ('3', '116'),
    ('0', '117'),
    ('3', '117'),
    ('4', '117'),
    ('5', '118'),
    ('3', '119'),
    ('3', '120'),
    ('3', '121'),
    ('3', '122'),
    ('3', '123'),
    ('4', '124');

	-- TORNEO
		INSERT INTO `torneo` (`idTorneo`, `fechaIniTor`, `numEquEnt`, `numMaxJuEqu`, `numMinJuEqu`, `numMaxEqu`, `numMinEqu`, `diasInsTor`, `terminado`) VALUES 
		('63', '2023-01-23', '2', '12', '5', '16', '6', '15', 'N');

	-- Primero se registran como usuarios
	-- ENTRENADORES/CAPITANES
		INSERT INTO `entrenadores` (`idEntrenador`, `numeroTel`, `direccion`, `colonia`) VALUES 
		('018', '0000000000', 'Panfilo Natera', 'A'),
    ('027', '1111111111', 'Mina Eden', 'B'),
    ('048', '2222222222', 'Venistiano Carranza', 'C'),
    ('061', '3333333333', 'Lomas Taurinas', 'D'),
    ('078', '4444444444', 'CNOP', 'E'),
    ('093', '5555555555', 'CTM', 'F'),
    ('107', '6666666666', 'Las Palmas', 'G'),
    ('118', '7777777777', 'Cerro de la Virgen', 'H'); -- Verificar CURP

	-- ARBITROS
		INSERT INTO `arbitros` (`numeroArb`, `idArbitro`) VALUES 
		('13', '019'),
    ('15', '033'),
		('14', '116'), 
		('5', '117'), 
    ('3', '119'),
    ('6', '120'),
    ('10', '121'),
    ('16', '122'),
    ('1', '123'); -- Verificar CURP

	-- EQUIPOS
		INSERT INTO `equipos` (`idEquipo`, `ent_idEntrenador`, `nombreEqu`, `rama`, `equiValidado`) VALUES 
		(NULL, '118', 'ONLY GIRLS',     'F', 'S'), -- 1
    (NULL, '018', 'WILD CATS',      'F', 'S'), -- 2
    (NULL, '027', 'TELEGRAFOS',     'F', 'S'), -- 3
    (NULL, '118', 'GIRLS CLIPPERS', 'F', 'S'), -- 4
    (NULL, '048', 'SINERGIA',       'F', 'S'), -- 5
    (NULL, '061', 'LAS MISMAS',     'F', 'S'), -- 6
    (NULL, '078', 'PALMILLAS',      'F', 'S'), -- 7
    (NULL, '093', 'AGUILAS',        'F', 'S'), -- 8
		(NULL, '107', 'MAMBAS',         'F', 'S'); -- 9

  -- JUGADORES
		INSERT INTO `jugadores` (`idJugador`, `equipos_idEquipo`, `fechaNac`, `sexo`, `numeroJug`) VALUES 
		-- only girls 1
    ('001', '1', '2000-01-01', 'F', '1'),
    ('002', '1', '2000-01-01', 'F', '2'),
    ('003', '1', '2000-01-01', 'F', '3'),
    ('004', '1', '2000-01-01', 'F', '4'),
    ('005', '1', '2000-01-01', 'F', '5'),
    ('006', '1', '2000-01-01', 'F', '6'),
    ('007', '1', '2000-01-01', 'F', '7'),
    ('008', '1', '2000-01-01', 'F', '8'),
    ('009', '1', '2000-01-01', 'F', '9'),
    ('010', '1', '2000-01-01', 'F', '10'),
    -- wild cats 2
    ('011', '2', '2000-01-01', 'F', '8'),
    ('012', '2', '2000-01-01', 'F', '7'),
    ('013', '2', '2000-01-01', 'F', '2'),
    ('014', '2', '2000-01-01', 'F', '4'),
    ('015', '2', '2000-01-01', 'F', '14'),
    ('016', '2', '2000-01-01', 'F', '15'),
    ('017', '2', '2000-01-01', 'F', '3'),
    ('018', '2', '2000-01-01', 'F', '1'),
    ('019', '2', '2000-01-01', 'F', '5'),
    ('020', '2', '2000-01-01', 'F', '11'),
    ('021', '2', '2000-01-01', 'F', '10'),
    -- telegrafos 3
    ('022', '3', '2000-01-01', 'F', '1'),
    ('023', '3', '2000-01-01', 'F', '2'),
    ('024', '3', '2000-01-01', 'F', '3'),
    ('025', '3', '2000-01-01', 'F', '4'),
    ('026', '3', '2000-01-01', 'F', '5'),
    ('027', '3', '2000-01-01', 'F', '6'),
    ('028', '3', '2000-01-01', 'F', '7'),
    ('029', '3', '2000-01-01', 'F', '8'),
    ('030', '3', '2000-01-01', 'F', '9'),
    ('031', '3', '2000-01-01', 'F', '10'),
    ('032', '3', '2000-01-01', 'F', '11'),
    ('033', '3', '2000-01-01', 'F', '12'),
    ('034', '3', '2000-01-01', 'F', '13'),
    ('035', '3', '2000-01-01', 'F', '14'),
    -- girl clippers 4
    ('036', '4', '2000-01-01', 'F', '15'),
    ('037', '4', '2000-01-01', 'F', '8'),
    ('038', '4', '2000-01-01', 'F', '16'),
    ('039', '4', '2000-01-01', 'F', '6'),
    ('040', '4', '2000-01-01', 'F', '9'),
    ('041', '4', '2000-01-01', 'F', '4'),
    ('042', '4', '2000-01-01', 'F', '1'),
    ('043', '4', '2000-01-01', 'F', '5'),
    ('044', '4', '2000-01-01', 'F', '23'),
    ('045', '4', '2000-01-01', 'F', '2'),
    ('046', '4', '2000-01-01', 'F', '3'),
    -- sinergia 5
    ('047', '5', '2000-01-01', 'F', '10'),
    ('048', '5', '2000-01-01', 'F', '9'),
    ('049', '5', '2000-01-01', 'F', '8'),
    ('050', '5', '2000-01-01', 'F', '11'),
    ('051', '5', '2000-01-01', 'F', '13'),
    ('052', '5', '2000-01-01', 'F', '1'),
    ('053', '5', '2000-01-01', 'F', '2'),
    ('054', '5', '2000-01-01', 'F', '3'),
    ('055', '5', '2000-01-01', 'F', '4'),
    ('056', '5', '2000-01-01', 'F', '5'),
    ('057', '5', '2000-01-01', 'F', '6'),
    ('058', '5', '2000-01-01', 'F', '14'),
    ('059', '5', '2000-01-01', 'F', '12'),
    ('060', '5', '2000-01-01', 'F', '7'),
    -- las mismas 6
    ('061', '6', '2000-01-01', 'F', '2'),
    ('062', '6', '2000-01-01', 'F', '3'),
    ('063', '6', '2000-01-01', 'F', '4'),
    ('064', '6', '2000-01-01', 'F', '5'),
    ('065', '6', '2000-01-01', 'F', '6'),
    ('066', '6', '2000-01-01', 'F', '10'),
    ('067', '6', '2000-01-01', 'F', '1'),
    ('068', '6', '2000-01-01', 'F', '7'),
    ('069', '6', '2000-01-01', 'F', '8'),
    ('070', '6', '2000-01-01', 'F', '6'),
    ('071', '6', '2000-01-01', 'F', '15'),
    ('072', '6', '2000-01-01', 'F', '9'),
    ('073', '6', '2000-01-01', 'F', '11'),
    ('074', '6', '2000-01-01', 'F', '0'),
    ('075', '6', '2000-01-01', 'F', '12'),
    ('076', '6', '2000-01-01', 'F', '13'),
    ('077', '6', '2000-01-01', 'F', '14'),
    -- palmillas 7
    ('078', '7', '2000-01-01', 'F', '14'),
    ('079', '7', '2000-01-01', 'F', '1'),
    ('080', '7', '2000-01-01', 'F', '3'),
    ('081', '7', '2000-01-01', 'F', '0'),
    ('082', '7', '2000-01-01', 'F', '30'),
    ('083', '7', '2000-01-01', 'F', '7'),
    ('084', '7', '2000-01-01', 'F', '11'),
    ('085', '7', '2000-01-01', 'F', '4'),
    ('086', '7', '2000-01-01', 'F', '5'),
    ('087', '7', '2000-01-01', 'F', '2'),
    ('088', '7', '2000-01-01', 'F', '6'),
    ('089', '7', '2000-01-01', 'F', '7'),
    ('090', '7', '2000-01-01', 'F', '8'),
    ('091', '7', '2000-01-01', 'F', '9'),
    ('092', '7', '2000-01-01', 'F', '10'),
    -- aguilas 
    ('093', '8', '2000-01-01', 'F', '1'),
    ('094', '8', '2000-01-01', 'F', '2'),
    ('095', '8', '2000-01-01', 'F', '3'),
    ('096', '8', '2000-01-01', 'F', '4'),
    ('097', '8', '2000-01-01', 'F', '5'),
    ('098', '8', '2000-01-01', 'F', '6'),
    ('099', '8', '2000-01-01', 'F', '7'),
    ('100', '8', '2000-01-01', 'F', '8'),
    ('101', '8', '2000-01-01', 'F', '9'),
    ('102', '8', '2000-01-01', 'F', '10'),
    ('103', '8', '2000-01-01', 'F', '11'),
    ('104', '8', '2000-01-01', 'F', '12'),
    ('105', '8', '2000-01-01', 'F', '13'),
    ('106', '8', '2000-01-01', 'F', '14'),
    -- mamba
    ('107', '9', '2000-01-01', 'F', '19'),
    ('108', '9', '2000-01-01', 'F', '11'),
    ('109', '9', '2000-01-01', 'F', '4'),
    ('110', '9', '2000-01-01', 'F', '2'),
    ('111', '9', '2000-01-01', 'F', '3'),
    ('112', '9', '2000-01-01', 'F', '26'),
    ('113', '9', '2000-01-01', 'F', '5'),
    ('114', '9', '2000-01-01', 'F', '1'),
    ('115', '9', '2000-01-01', 'F', '6');

  -- Antes de registrar partidos
  -- CRONOGRAMA
    INSERT INTO `cronograma` (`idEncuentro`, `fechaEnc`, `hora`, `vuelta`, `validado`, `rama`, `equipoA`, `equipoB`) VALUES
    (NULL, '2023-01-08', '09:00', '1', 'S', 'F', '5', '4'), -- 1
    (NULL, '2023-02-26', '09:00', '1', 'S', 'F', '9', '5'), -- 2
    (NULL, '2023-04-01', '11:00', '1', 'S', 'F', '9', '6'), -- 3
    (NULL, '2023-05-07', '09:00', '1', 'S', 'F', '2', '6'), -- 4
    (NULL, '2023-05-04', '09:00', '1', 'S', 'F', '2', '7'); -- 5

	-- PARTIDO 1
      INSERT INTO `partidos` (`idPartido`, `lugar`, `default`, `equipoFal`, `competencia`, `crono_idEncuentro`, `crono_EquipoA`, `crono_EquipoB`, `jefeEquipo`, `anotador`, `juez2`, `juez3`, `cronometrista`) VALUES 
      (NULL, 'TRANCOSO', 'N', NULL, '63', '1', '5', '4', '119', '117', '121', NULL, '033');
      
    -- PUNTOS
      INSERT INTO `puntos_j` (`partidos_idPartido`, `jugadores_idJugador`, `tipoPJu`, `cuartoPJu`, `esFinal`, `filaPJu`, `columnaPJu`) VALUES
      ('1', '051', '2', '1', 'N', '2', '2'),
      ('1', '048', '2', '1', 'N', '4', '2'),
      ('1', '049', '2', '1', 'N', '6', '2'),
      ('1', '047', '2', '1', 'N', '8', '2'),
      ('1', '047', '2', '1', 'N', '10', '2'),
      ('1', '047', '2', '1', 'N', '12', '2'),
      ('1', '047', '1', '1', 'N', '13', '2'),
      ('1', '047', '1', '1', 'S', '14', '2'),
      ('1', '049', '2', '2', 'N', '16', '2'),
      ('1', '049', '2', '2', 'N', '18', '2'),
      ('1', '047', '2', '2', 'N', '21', '2'),
      ('1', '047', '3', '2', 'N', '24', '2'),
      ('1', '047', '1', '2', 'N', '25', '2'),
      ('1', '051', '1', '2', 'S', '26', '2'),
      ('1', '048', '3', '3', 'N', '29', '2'),
      ('1', '051', '3', '3', 'N', '32', '2'),
      ('1', '049', '2', '3', 'N', '34', '2'),
      ('1', '049', '2', '3', 'S', '36', '2'),
      ('1', '051', '3', '4', 'N', '39', '2'),
      ('1', '050', '2', '4', 'N', '41', '2'),
      ('1', '039', '2', '1', 'N', '2', '3'),
      ('1', '039', '2', '1', 'N', '4', '3'),
      ('1', '037', '2', '1', 'N', '6', '3'),
      ('1', '040', '2', '1', 'S', '8', '3'),
      ('1', '039', '2', '2', 'N', '10', '3'),
      ('1', '039', '2', '2', 'N', '12', '3'),
      ('1', '039', '2', '2', 'N', '14', '3'),
      ('1', '043', '2', '2', 'N', '16', '3'),
      ('1', '041', '2', '2', 'N', '18', '3'),
      ('1', '041', '2', '2', 'N', '20', '3'),
      ('1', '044', '2', '2', 'S', '22', '3'),
      ('1', '039', '2', '3', 'N', '24', '3'),
      ('1', '040', '3', '3', 'N', '27', '3'),
      ('1', '039', '2', '3', 'N', '29', '3'),
      ('1', '039', '2', '3', 'N', '31', '3'),
      ('1', '037', '2', '3', 'N', '33', '3'),
      ('1', '039', '2', '3', 'N', '35', '3'),
      ('1', '037', '2', '3', 'N', '37', '3'),
      ('1', '039', '1', '3', 'N', '38', '3'),
      ('1', '037', '2', '3', 'S', '40', '3'),
      ('1', '039', '2', '4', 'N', '42', '3'),
      ('1', '047', '2', '4', 'N', '43', '6'),
      ('1', '051', '2', '4', 'S', '45', '6'),
      ('1', '039', '2', '4', 'N', '44', '7'),
      ('1', '039', '2', '4', 'N', '46', '7'),
      ('1', '044', '2', '4', 'N', '48', '7'),
      ('1', '038', '2', '4', 'N', '50', '7'),
      ('1', '039', '2', '4', 'N', '52', '7'),
      ('1', '041', '2', '4', 'N', '54', '7'),
      ('1', '041', '2', '4', 'N', '56', '7'),
      ('1', '038', '2', '4', 'S', '58', '7');
    
    -- FALTAS JUGADORES
      INSERT INTO `faltas_j` (`partidos_idPartido`, `jugadores_idJugador`, `columnaFJu`, `tipoFJu`, `cuartoFJu`) VALUES
      ('1', '047', '1', 'P1', '1'),
      ('1', '047', '2', 'P', '1'),
      ('1', '047', '3', 'P', '2'),
      ('1', '047', '4', 'P', '3'),
      ('1', '048', '1', 'P', '2'),
      ('1', '048', '2', 'P', '2'),
      ('1', '050', '1', 'P2', '2'),
      ('1', '050', '2', 'P', '3'),
      ('1', '050', '3', 'P', '3'),
      ('1', '050', '4', 'P', '3'),
      ('1', '050', '5', 'P', '4'),
      ('1', '051', '1', 'P', '1'),
      ('1', '051', '2', 'P1', '2'),
      ('1', '051', '3', 'P', '4'),
      ('1', '036', '1', 'P2', '1'),
      ('1', '037', '1', 'P2', '1'),
      ('1', '039', '1', 'P', '2'),
      ('1', '040', '1', 'P', '2'),
      ('1', '040', '2', 'P2', '2'),
      ('1', '040', '3', 'P', '4'),
      ('1', '040', '4', 'P', '4'),
      ('1', '041', '1', 'P1', '2'),
      ('1', '043', '1', 'P', '4');

    -- FALTAS EQUIPOS
      INSERT INTO `faltas_eq` (`partidos_idPartido`, `equipos_idEquipo`, `cantidadFEq`, `cuartoFEq`) VALUES
      ('1', '5', '3', '1'),
      ('1', '5', '3', '2'),
      ('1', '5', '4', '3'),
      ('1', '5', '4', '4'),
      ('1', '4', '2', '1'),
      ('1', '4', '4', '2'),
      ('1', '4', '0', '3'),
      ('1', '4', '3', '4');

    -- FALTAS ENTRENADOR
    --  INSERT INTO `faltas_en` (`partidos_idPartido`, `en_idEntrenador`, `tipoFEn`, `cuartoFEn`, `columnaEnt`) VALUES
    --  ('', '', '', '', '');

    -- POSICIONES
      INSERT INTO `posiciones` (`idPosicion`, `parti_idPartido`, `orden`, `letraPos`, `colorPos`) VALUES
      (NULL, '1', '1', 'A', 'R'),
      (NULL, '1', '2', 'B', 'A'),
      (NULL, '1', '3', 'A', 'R'),
      (NULL, '1', '4', 'B', 'A');

    -- DETENCIONES
      INSERT INTO `detenciones` (`partidos_idPartido`, `equipos_idEquipo`, `mitad`, `columnaDet`, `minuto`, `cuartoDet`, `idDetenciones`) VALUES
      ('1', '5', '2', '1', '3', '3', '1'),
      ('1', '5', '2', '2', '8', '3', '2'),
      ('1', '5', '2', '3', '8', '4', '3');

    -- PARTICIPACIONES/JUEGAN
      INSERT INTO `juegan` (`participo`, `abrio`, `jugadores_idJugador`, `partidos_idPartido`) VALUES
      ('S', 'S', '047', '1'),
      ('S', 'S', '048', '1'),
      ('S', 'S', '049', '1'),
      ('S', 'S', '050', '1'),
      ('S', 'S', '051', '1'),
      ('S', 'S', '036', '1'),
      ('S', 'S', '037', '1'),
      ('S', 'S', '038', '1'),
      ('S', 'S', '039', '1'),
      ('S', 'S', '040', '1'),
      ('S', 'N', '041', '1'),
      ('N', 'N', '042', '1'),
      ('S', 'N', '043', '1'),
      ('S', 'N', '044', '1');

    -- RESULTADOS
      INSERT INTO `resultados` (`parti_idPartido`, `resultadoFinA`, `resultadoFinB`) VALUES
      ('1', '45', '58');

  -- PARTIDO 2
      INSERT INTO `partidos` (`idPartido`, `lugar`, `default`, `equipoFal`, `competencia`, `crono_idEncuentro`, `crono_EquipoA`, `crono_EquipoB`, `jefeEquipo`, `anotador`, `juez2`, `juez3`, `cronometrista`) VALUES 
      (NULL, 'TRANCOSO', 'N', NULL, '63', '2', '9', '5', '121', '117', '122', NULL, NULL);
      
    -- PUNTOS
      INSERT INTO `puntos_j` (`partidos_idPartido`, `jugadores_idJugador`, `tipoPJu`, `cuartoPJu`, `esFinal`, `filaPJu`, `columnaPJu`) VALUES
      ('2', '112', '2', '1', 'N', '2', '2'),
      ('2', '108', '2', '1', 'S', '4', '2'),
      ('2', '112', '2', '2', 'N', '6', '2'),
      ('2', '112', '2', '2', 'S', '8', '2'),
      ('2', '108', '2', '4', 'S', '10', '2'),
      ('2', '056', '2', '1', 'N', '2', '3'),
      ('2', '049', '2', '1', 'N', '4', '3'),
      ('2', '049', '2', '1', 'N', '6', '3'),
      ('2', '049', '2', '1', 'N', '8', '3'),
      ('2', '059', '2', '1', 'N', '10', '3'),
      ('2', '056', '2', '1', 'N', '12', '3'),
      ('2', '056', '2', '1', 'S', '14', '3'),
      ('2', '048', '2', '2', 'N', '16', '3'),
      ('2', '049', '2', '2', 'N', '18', '3'),
      ('2', '056', '2', '2', 'N', '20', '3'),
      ('2', '059', '2', '2', 'N', '22', '3'),
      ('2', '056', '2', '2', 'N', '24', '3'),
      ('2', '059', '2', '2', 'N', '26', '3'),
      ('2', '059', '2', '2', 'N', '28', '3'),
      ('2', '049', '2', '2', 'S', '30', '3'),
      ('2', '050', '2', '3', 'N', '32', '3'),
      ('2', '056', '2', '3', 'N', '34', '3'),
      ('2', '056', '2', '3', 'N', '36', '3'),
      ('2', '058', '2', '3', 'N', '38', '3'),
      ('2', '048', '2', '3', 'N', '40', '3'),
      ('2', '059', '2', '3', 'N', '42', '3'),
      ('2', '056', '2', '3', 'N', '44', '7'),
      ('2', '048', '2', '3', 'S', '46', '7'),
      ('2', '048', '2', '4', 'N', '48', '7'),
      ('2', '059', '1', '4', 'N', '49', '7'),
      ('2', '059', '1', '4', 'S', '50', '7');
    
    -- FALTAS JUGADORES
      INSERT INTO `faltas_j` (`partidos_idPartido`, `jugadores_idJugador`, `columnaFJu`, `tipoFJu`, `cuartoFJu`) VALUES
      ('2', '107', '1', 'P', '3'),
      ('2', '108', '1', 'P2', '4'),
      ('2', '112', '1', 'P', '3'),
      ('2', '112', '2', 'P', '4'),
      ('2', '112', '3', 'P2', '4'),
      ('2', '112', '4', 'P', '4'),
      ('2', '109', '1', 'P', '1'),
      ('2', '109', '2', 'P', '1'),
      ('2', '109', '3', 'P2', '2'),
      ('2', '109', '4', 'P', '2'),
      ('2', '060', '1', 'P', '1'),
      ('2', '060', '2', 'P2', '1'),
      ('2', '048', '1', 'P', '2'),
      ('2', '056', '1', 'P', '1'),
      -- Esta falta no es real, sirve para comprobar consultas
      ('2', '048', '2', 'T1', '2'),
      ('2', '048', '3', 'T', '2'),
      ('2', '048', '4', 'U', '3');

    -- FALTAS EQUIPOS
      INSERT INTO `faltas_eq` (`partidos_idPartido`, `equipos_idEquipo`, `cantidadFEq`, `cuartoFEq`) VALUES
      ('2', '9', '2', '1'),
      ('2', '9', '2', '2'),
      ('2', '9', '2', '3'),
      ('2', '9', '4', '4'),
      ('2', '5', '2', '1'),
      ('2', '5', '1', '2'),
      ('2', '5', '1', '3'),
      ('2', '5', '0', '4');

    -- FALTAS ENTRENADOR
    --  INSERT INTO `faltas_en` (`partidos_idPartido`, `en_idEntrenador`, `tipoFEn`, `cuartoFEn`, `columnaEnt`) VALUES
    --  ('', '', '', '', '');

    -- POSICIONES
      INSERT INTO `posiciones` (`idPosicion`, `parti_idPartido`, `orden`, `letraPos`, `colorPos`) VALUES
      (NULL, '2', '1', 'B', 'A'),
      (NULL, '2', '2', 'A', 'A'),
      (NULL, '2', '3', 'B', 'R'),
      (NULL, '2', '4', 'B', 'A');

    -- DETENCIONES
      INSERT INTO `detenciones` (`partidos_idPartido`, `equipos_idEquipo`, `mitad`, `columnaDet`, `minuto`, `cuartoDet`, `idDetenciones`) VALUES
      ('2', '5', '2', '1', '7', '2', '1');

    -- PARTICIPACIONES
      INSERT INTO `juegan` (`participo`, `abrio`, `jugadores_idJugador`, `partidos_idPartido`) VALUES
      ('S', 'S', '107', '2'),
      -- ('N', 'N', '109', '2'),
      ('S', 'S', '108', '2'),
      ('S', 'S', '114', '2'),
      ('S', 'S', '112', '2'),
      ('S', 'S', '109', '2'),
      ('S', 'S', '060', '2'),
      ('S', 'N', '048', '2'),
      ('S', 'N', '051', '2'),
      ('S', 'S', '056', '2'),
      ('S', 'S', '059', '2'),
      ('S', 'S', '058', '2'),
      ('S', 'S', '049', '2'),
      ('N', 'N', '047', '2'),
      ('S', 'N', '050', '2');

    -- RESULTADOS
      INSERT INTO `resultados` (`parti_idPartido`, `resultadoFinA`, `resultadoFinB`) VALUES
      ('2', '10', '50');

  -- PARTIDO 3
      INSERT INTO `partidos` (`idPartido`, `lugar`, `default`, `equipoFal`, `competencia`, `crono_idEncuentro`, `crono_EquipoA`, `crono_EquipoB`, `jefeEquipo`, `anotador`, `juez2`, `juez3`, `cronometrista`) VALUES 
      (NULL, 'TRANCOSO', 'S', '9', '63', '3', '9', '6', '120', '033', '121', NULL, '119');

    -- PARTICIPACIONES
      INSERT INTO `juegan` (`participo`, `abrio`, `jugadores_idJugador`, `partidos_idPartido`) VALUES
      ('S', 'N', '071', '3'),
      ('S', 'N', '076', '3'),
      ('S', 'N', '070', '3'),
      ('S', 'N', '062', '3'),
      ('S', 'N', '066', '3'),
      ('S', 'N', '068', '3'),
      ('S', 'N', '061', '3');

    -- RESULTADOS
      INSERT INTO `resultados` (`parti_idPartido`, `resultadoFinA`, `resultadoFinB`) VALUES
      ('3', '0', '20');

  -- PARTIDO 4
    INSERT INTO `partidos` (`idPartido`, `lugar`, `default`, `equipoFal`, `competencia`, `crono_idEncuentro`, `crono_EquipoA`, `crono_EquipoB`, `jefeEquipo`, `anotador`, `juez2`, `juez3`, `cronometrista`) VALUES
    (NULL, 'TRANCOSO', 'N', NULL, '63', '4', '2', '6', '121', '119', NULL, '116', '033');

    -- PUNTOS
      INSERT INTO `puntos_j` (`partidos_idPartido`, `jugadores_idJugador`, `tipoPJu`, `cuartoPJu`, `esFinal`, `filaPJu`, `columnaPJu`) VALUES
      ('4', '012', '2', '1', 'N', '2', '2'),
      ('4', '021', '2', '1', 'N', '4', '2'),
      ('4', '021', '2', '1', 'N', '6', '2'),
      ('4', '020', '2', '1', 'N', '8', '2'),
      ('4', '018', '2', '1', 'N', '10', '2'),
      ('4', '021', '2', '1', 'N', '12', '2'),
      ('4', '021', '2', '1', 'N', '14', '2'),
      ('4', '020', '2', '1', 'S', '16', '2'),
      ('4', '021', '3', '2', 'N', '19', '2'),
      ('4', '014', '2', '2', 'N', '21', '2'),
      ('4', '015', '2', '2', 'N', '23', '2'),
      ('4', '011', '1', '2', 'N', '24', '2'),
      ('4', '011', '1', '2', 'N', '25', '2'),
      ('4', '014', '2', '2', 'N', '27', '2'),
      ('4', '016', '2', '2', 'N', '29', '2'),
      ('4', '021', '3', '2', 'S', '32', '2'),
      ('4', '018', '2', '3', 'N', '34', '2'),
      ('4', '020', '2', '3', 'N', '36', '2'),
      ('4', '020', '2', '3', 'N', '38', '2'),
      ('4', '020', '2', '3', 'N', '40', '2'),
      ('4', '018', '2', '3', 'N', '42', '2'),
      ('4', '066', '2', '1', 'N', '02', '3'),
      ('4', '070', '2', '1', 'N', '04', '3'),
      ('4', '066', '2', '1', 'S', '06', '3'),
      ('4', '067', '2', '2', 'N', '08', '3'),
      ('4', '070', '2', '2', 'N', '10', '3'),
      ('4', '076', '2', '2', 'N', '12', '3'),
      ('4', '071', '3', '2', 'S', '15', '3'),
      ('4', '076', '2', '3', 'N', '17', '3'),
      ('4', '076', '2', '3', 'S', '19', '3'),
      ('4', '070', '2', '4', 'N', '21', '3'),
      ('4', '076', '2', '4', 'S', '23', '3'),
      ('4', '020', '1', '3', 'N', '43', '6'),
      ('4', '020', '1', '3', 'S', '44', '6'),
      ('4', '014', '2', '4', 'N', '46', '6'),
      ('4', '015', '2', '4', 'N', '48', '6'),
      ('4', '016', '2', '4', 'N', '50', '6'),
      ('4', '015', '2', '4', 'N', '52', '6'),
      ('4', '014', '2', '4', 'N', '54', '6'),
      ('4', '016', '2', '4', 'N', '56', '6'),
      ('4', '014', '2', '4', 'N', '58', '6'),
      ('4', '015', '2', '4', 'N', '60', '6'),
      ('4', '015', '2', '4', 'N', '62', '6');

    -- FALTAS JUGADORES
      INSERT INTO `faltas_j` (`partidos_idPartido`, `jugadores_idJugador`, `columnaFJu`, `tipoFJu`, `cuartoFJu`) VALUES
      ('4', '015', '1', 'P', '4'),
      ('4', '015', '2', 'P', '4'),
      ('4', '071', '1', 'P', '1'),
      ('4', '071', '2', 'P', '3'),
      ('4', '066', '1', 'P', '2');
      
    -- FALTAS EQUIPOS
      INSERT INTO `faltas_eq` (`partidos_idPartido`, `equipos_idEquipo`, `cantidadFEq`, `cuartoFEq`) VALUES
      ('4', '2', '0', '1'),
      ('4', '2', '0', '2'),
      ('4', '2', '0', '3'),
      ('4', '2', '2', '4'),
      ('4', '6', '1', '1'),
      ('4', '6', '1', '2'),
      ('4', '6', '0', '3'),
      ('4', '6', '0', '4');

    -- FALTAS ENTRENADOR
    --  INSERT INTO `faltas_en` (`partidos_idPartido`, `en_idEntrenador`, `tipoFEn`, `cuartoFEn`, `columnaEnt`) VALUES
    --  ('', '', '', '', '');

    -- POSICIONES
      INSERT INTO `posiciones` (`idPosicion`, `parti_idPartido`, `orden`, `letraPos`, `colorPos`) VALUES
      (NULL, '4', '1', 'B', 'R'),
      (NULL, '4', '2', 'A', 'A'),
      (NULL, '4', '3', 'B', 'R'),
      (NULL, '4', '4', 'A', 'A');

    -- DETENCIONES
      INSERT INTO `detenciones` (`partidos_idPartido`, `equipos_idEquipo`, `mitad`, `columnaDet`, `minuto`, `cuartoDet`, `idDetenciones`) VALUES
      ('4', '6', '1', '1', '6', '1', '1'),
      ('4', '6', '1', '2', '8', '2', '2'),
      ('4', '6', '2', '1', '8', '3', '3');

    -- PARTICIPACIONES
      INSERT INTO `juegan` (`participo`, `abrio`,`jugadores_idJugador`, `partidos_IdPartido`) VALUES
      ('S','S','011','4'),
      ('S','S','012','4'),
      ('N','N','013','4'),
      ('S','N','016','4'),
      ('S','S','021','4'),
      ('S','N','014','4'),
      ('S','S','020','4'),
      ('S','N','015','4'),
      ('S','S','018','4'),
      ('S','S','066','4'),
      ('N','N','062','4'),
      ('N','N','061','4'),
      ('S','S','074','4'),
      ('N','N','064','4'),
      ('N','N','068','4'),
      ('N','N','075','4'),
      ('S','S','076','4'),
      ('S','S','071','4'),
      ('S','S','067','4'),
      ('S','S','070','4');

    -- RESULTADOS
      INSERT INTO `resultados` (`parti_idPartido`, `resultadoFinA`, `resultadoFinB`) VALUES
      ('4', '62', '23');

  -- PARTIDO 5
		INSERT INTO `partidos` (`idPartido`, `lugar`, `default`, `equipoFal`, `competencia`, `crono_idEncuentro`, `crono_EquipoA`, `crono_EquipoB`, `jefeEquipo`, `anotador`, `juez2`, `juez3`, `cronometrista`) VALUES 
		(NULL, 'TRANCOSO', 'N', NULL, '63', '5', '2', '7', '121', '117', '120', NULL, NULL);
		
    -- PUNTOS
      INSERT INTO `puntos_j` (`partidos_idPartido`, `jugadores_idJugador`, `tipoPJu`, `cuartoPJu`, `esFinal`, `filaPJu`, `columnaPJu`) VALUES
      ('5', '012', '2', '1', 'N', '2', '2'),
      ('5', '011', '2', '1', 'N', '4', '2'),
      ('5', '018', '2', '1', 'N', '6', '2'),
      ('5', '021', '2', '1', 'N', '8', '2'),
      ('5', '011', '2', '1', 'N', '10', '2'),
      ('5', '021', '3', '1', 'N', '13', '2'),
      ('5', '019', '2', '1', 'N', '15', '2'),
      ('5', '021', '2', '1', 'N', '17', '2'),
      ('5', '011', '2', '1', 'S', '19', '2'),
      ('5', '018', '2', '2', 'N', '21', '2'),
      ('5', '021', '2', '2', 'N', '23', '2'),
      ('5', '011', '2', '2', 'N', '25', '2'),
      ('5', '011', '2', '2', 'N', '27', '2'),
      ('5', '011', '2', '2', 'N', '29', '2'),
      ('5', '020', '2', '2', 'N', '31', '2'),
      ('5', '021', '2', '2', 'N', '33', '2'),
      ('5', '014', '2', '2', 'N', '35', '2'),
      ('5', '011', '2', '2', 'S', '37', '2'),
      ('5', '014', '2', '3', 'N', '39', '2'),
      ('5', '021', '2', '3', 'N', '41', '2'),
      ('5', '014', '2', '3', 'N', '43', '6'),
      ('5', '015', '2', '3', 'N', '45', '6'),
      ('5', '016', '2', '3', 'N', '47', '6'),
      ('5', '015', '2', '3', 'N', '49', '6'),
      ('5', '014', '2', '3', 'N', '51', '6'),
      ('5', '014', '2', '3', 'N', '53', '6'),
      ('5', '016', '2', '3', 'N', '55', '6'),
      ('5', '014', '2', '3', 'N', '57', '6'),
      ('5', '015', '2', '3', 'N', '59', '6'),
      ('5', '016', '2', '3', 'N', '61', '6'),
      ('5', '015', '2', '3', 'S', '63', '6'),
      ('5', '016', '2', '4', 'N', '65', '6'),
      ('5', '021', '2', '4', 'N', '67', '6'),
      ('5', '021', '3', '4', 'N', '70', '6'),
      ('5', '016', '1', '4', 'N', '71', '6'),
      ('5', '020', '2', '4', 'N', '73', '6'),
      ('5', '015', '2', '4', 'N', '75', '6'),
      ('5', '020', '1', '4', 'N', '76', '6'),
      ('5', '016', '2', '4', 'N', '78', '6'),
      ('5', '011', '2', '4', 'N', '80', '6'),
      ('5', '016', '2', '4', 'N', '82', '6'),
      ('5', '082', '2', '1', 'N', '2', '3'),
      ('5', '082', '2', '1', 'N', '4', '3'),
      ('5', '087', '2', '1', 'S', '6', '3'),
      ('5', '087', '3', '2', 'N', '9', '3'),
      ('5', '081', '2', '2', 'N', '11', '3'),
      ('5', '084', '2', '2', 'N', '13', '3'),
      ('5', '087', '2', '2', 'N', '15', '3'),
      ('5', '087', '2', '2', 'S', '17', '3'),
      ('5', '083', '2', '3', 'N', '19', '3'),
      ('5', '081', '2', '3', 'N', '21', '3'),
      ('5', '087', '2', '3', 'S', '23', '3'),
      ('5', '087', '2', '4', 'N', '25', '3'),
      ('5', '087', '2', '4', 'N', '27', '3'),
      ('5', '087', '2', '4', 'N', '29', '3'),
      ('5', '087', '2', '4', 'S', '31', '3');
    
    -- FALTAS JUGADORES
      INSERT INTO `faltas_j` (`partidos_idPartido`, `jugadores_idJugador`, `columnaFJu`, `tipoFJu`, `cuartoFJu`) VALUES
      ('5', '014', '1', 'P1', '2'),
      ('5', '082', '1', 'P1', '3'),
      ('5', '082', '2', 'P', '4'),
      ('5', '078', '1', 'P2', '4');
      
    -- FALTAS EQUIPOS
      INSERT INTO `faltas_eq` (`partidos_idPartido`, `equipos_idEquipo`, `cantidadFEq`, `cuartoFEq`) VALUES
      ('5', '2', '0', '1'),
      ('5', '2', '1', '2'),
      ('5', '2', '0', '3'),
      ('5', '2', '0', '4'),
      ('5', '7', '0', '1'),
      ('5', '7', '0', '2'),
      ('5', '7', '1', '3'),
      ('5', '7', '2', '4');

    -- FALTAS ENTRENADOR
    --  INSERT INTO `faltas_en` (`partidos_idPartido`, `en_idEntrenador`, `tipoFEn`, `cuartoFEn`, `columnaEnt`) VALUES
    --  ('', '', '', '', '');

    -- POSICIONES
      INSERT INTO `posiciones` (`idPosicion`, `parti_idPartido`, `orden`, `letraPos`, `colorPos`) VALUES
      (NULL, '5', '1', 'A', 'R'),
      (NULL, '5', '2', 'B', 'A'),
      (NULL, '5', '3', 'A', 'R'),
      (NULL, '5', '4', 'B', 'A');

    -- DETENCIONES
      INSERT INTO `detenciones` (`partidos_idPartido`, `equipos_idEquipo`, `mitad`, `columnaDet`, `minuto`, `cuartoDet`, `idDetenciones`) VALUES
      ('5', '7', '1', '1', '7', '2', '1'),
      ('5', '7', '2', '1', '8', '4', '2');

    -- PARTICIPACIONES
      INSERT INTO `juegan` (`participo`, `abrio`, `jugadores_idJugador`, `partidos_idPartido`) VALUES
      ('S', 'S', '018', '5'),
      ('S', 'S', '011', '5'),
      ('S', 'S', '012', '5'),
      ('S', 'S', '020', '5'),
      ('N', 'N', '019', '5'),
      ('S', 'S', '016', '5'),
      ('S', 'S', '021', '5'),
      ('S', 'S', '014', '5'),
      ('S', 'S', '015', '5'),
      ('S', 'S', '087', '5'),
      ('N', 'N', '080', '5'),
      ('S', 'S', '082', '5'),
      ('S', 'S', '078', '5'),
      ('S', 'S', '083', '5'),
      ('N', 'N', '086', '5'),
      ('N', 'N', '085', '5'),
      ('S', 'S', '084', '5'),
      ('S', 'S', '081', '5');

    -- RESULTADOS
      INSERT INTO `resultados` (`parti_idPartido`, `resultadoFinA`, `resultadoFinB`) VALUES
      ('5', '82', '31');
